inverter_id,group_id,success,training_samples,r2,mae_kw,rmse_kw,processing_time_s,error
INV 05.149,INV 05,True,12726,0.9954747662483172,0.012285500021863138,0.01490494325052816,1.887986183166504,
INV 05.150,INV 05,True,12953,0.9953077705725585,0.01288526029614569,0.015462068590729421,1.8196320533752441,
INV 05.138,INV 05,True,13614,0.9946581736180125,0.013031483899242554,0.01556145650170438,3.326531171798706,
INV 05.147,INV 05,True,12560,0.9945103013258666,0.013173004816745187,0.016340207910901086,3.1401562690734863,
INV 03.077,INV 03,True,13035,0.994410487329844,0.014127186564319227,0.01712812573269774,3.193397045135498,
INV 05.136,INV 05,True,13879,0.9943875241409003,0.013149619920335044,0.015953303155590036,3.15681791305542,
INV 04.094,INV 04,True,13418,0.9941229558425082,0.014358754167332533,0.01737181486162698,3.7288241386413574,
INV 05.125,INV 05,True,13910,0.9941097185779975,0.013386435572752247,0.017259587228617375,3.685296058654785,
INV 05.123,INV 05,True,13852,0.9939294509690799,0.014340354318569577,0.017565836757083262,3.420522928237915,
INV 05.131,INV 05,True,14018,0.99392466325942,0.013421510667899683,0.01748512114991507,3.504903793334961,
INV 05.146,INV 05,True,12724,0.9938868448577445,0.013848233628471995,0.01706552172926988,3.2576029300689697,
INV 05.133,INV 05,True,13899,0.9937994206029891,0.013995151444667182,0.01781444730694836,3.466893196105957,
INV 04.116,INV 04,True,13514,0.9937759268223145,0.014559454715036736,0.01800529026138565,3.077446222305298,
INV 05.122,INV 05,True,13906,0.9937647647060485,0.014606041231287569,0.017721183548673185,3.416105031967163,
INV 05.124,INV 05,True,13965,0.993742444308723,0.01382912596186257,0.017713899026055694,3.5311050415039062,
INV 04.093,INV 04,True,13443,0.993723779989106,0.014862681282965785,0.018189707937763137,3.7134528160095215,
INV 04.117,INV 04,True,13530,0.9937175256261613,0.014487334352404974,0.018180151319469814,3.1481049060821533,
INV 05.137,INV 05,True,13186,0.9936888179429889,0.01489234559977733,0.01842672262641351,3.3132400512695312,
INV 05.126,INV 05,True,13962,0.9936802798921263,0.013690217211738347,0.01789512924877382,3.6744537353515625,
INV 05.134,INV 05,True,13933,0.9936243429104856,0.014160283244669692,0.018164230914925673,3.2734322547912598,
INV 04.091,INV 04,True,13753,0.9935866234695274,0.01474222787169645,0.018056148830107,3.7054789066314697,
INV 05.127,INV 05,True,14076,0.9935462049539454,0.01348212852957215,0.018042438002512023,3.6765241622924805,
INV 04.095,INV 04,True,13364,0.9935448152020974,0.014753893850297252,0.018402498382295386,3.5910558700561523,
INV 05.139,INV 05,True,13870,0.993514389310997,0.01356935290702407,0.018176925114171488,3.4766252040863037,
INV 03.076,INV 03,True,13329,0.9934843411289563,0.015061340938598908,0.01834530937968359,3.2997071743011475,
INV 05.128,INV 05,True,14045,0.9934558203661038,0.013607001721959616,0.018039011034212064,3.6264092922210693,
INV 04.120,INV 04,True,13499,0.9934059086822131,0.014585152956708031,0.018361267464900095,2.0261707305908203,
INV 03.075,INV 03,True,13252,0.9934023678725274,0.015192443826490277,0.018522357380299687,3.374392032623291,
INV 04.119,INV 04,True,13608,0.99339055051237,0.015226580567066253,0.0183897688773994,1.9786851406097412,
INV 03.074,INV 03,True,13773,0.9933756900266354,0.015707610432168877,0.019099615265410947,3.452958822250366,
INV 05.140,INV 05,True,13886,0.9933593688489032,0.014108417326798194,0.018196011538171363,3.4528648853302,
INV 04.118,INV 04,True,13466,0.9933279235382524,0.014977988768070136,0.018420206456520354,2.947181224822998,
INV 04.099,INV 04,True,13734,0.9933019594036917,0.01452508820475401,0.01804899387461109,3.58260178565979,
INV 05.132,INV 05,True,14010,0.9932988487840517,0.013894542197588932,0.01850773852336456,3.588358163833618,
INV 04.092,INV 04,True,13559,0.993290364573501,0.014851863381901325,0.01864880629786335,3.823852062225342,
INV 04.113,INV 04,True,13195,0.9932179496578581,0.014386396567837245,0.01834945931469936,3.393704891204834,
INV 04.096,INV 04,True,13416,0.9931978072805399,0.015157560762381922,0.018815023157427453,3.612308979034424,
INV 05.130,INV 05,True,13834,0.993186900138494,0.014037489917522903,0.018491875274423884,3.4411990642547607,
INV 05.141,INV 05,True,13945,0.9930958392423384,0.014462038967776784,0.018600776433455986,3.473378896713257,
INV 05.144,INV 05,True,13155,0.9930719665177709,0.014928726536543271,0.018420145080336178,3.0841948986053467,
INV 05.148,INV 05,True,12666,0.9930707717612979,0.014478035387017325,0.01760496892379746,3.229259967803955,
INV 05.142,INV 05,True,13377,0.9930023261790943,0.015083050568724261,0.019138656140798547,3.4045639038085938,
INV 05.143,INV 05,True,13413,0.9929386960131725,0.015079807691819788,0.019116935646193205,3.272104263305664,
INV 02.047,INV 02,True,12419,0.9929026420842082,0.014505686644081727,0.019046968559578912,3.1828720569610596,
INV 02.046,INV 02,True,12808,0.9928483247878171,0.014955847969657614,0.019305641856740833,3.0613038539886475,
INV 03.089,INV 03,True,13796,0.9927610505524196,0.015414111206477078,0.01922505430306409,2.0383501052856445,
INV 01.029,INV 01,True,13694,0.9926842426286071,0.01473938120719382,0.01902579759103987,2.0536718368530273,
INV 01.030,INV 01,True,13726,0.992626216338464,0.014946911989147958,0.018977449498842284,2.037583827972412,
INV 01.015,INV 01,True,13041,0.9926211043564127,0.01531835539589888,0.019579761794839477,3.0946969985961914,
INV 01.017,INV 01,True,13671,0.9926074920041122,0.015040990537687725,0.019301652723976496,3.2628228664398193,
INV 02.033,INV 02,True,13242,0.9925533973069584,0.015662027876165392,0.019895081498668022,3.892078161239624,
INV 04.098,INV 04,True,13643,0.9925494996730875,0.015572863582155332,0.019230964869954313,3.584307909011841,
INV 01.010,INV 01,True,12713,0.9925098023289642,0.0148670456538183,0.01957517979957523,3.19228196144104,
INV 01.013,INV 01,True,13060,0.9925074095174803,0.015004472308273002,0.019600939051289037,3.380037784576416,
INV 01.007,INV 01,True,12686,0.9924898959506281,0.015050709740973878,0.019646075293616276,3.3923051357269287,
INV 03.090,INV 03,True,13683,0.99248932002614,0.014861772904596567,0.019486570085747192,2.173276901245117,
INV 02.039,INV 02,True,13266,0.9924660225934775,0.015813408104478448,0.01995390314158777,3.285799026489258,
INV 04.097,INV 04,True,13576,0.9923905239185455,0.016033744681556078,0.02006122134796038,3.5661282539367676,
INV 01.009,INV 01,True,12916,0.9923742260628534,0.015148799995064457,0.019762292048461517,3.2782928943634033,
INV 01.027,INV 01,True,13749,0.9923716850604437,0.015313866189451611,0.019445700789794892,3.301511764526367,
INV 05.121,INV 05,True,13781,0.9923669546358485,0.015503541316031579,0.01980833890901642,3.5128278732299805,
INV 02.041,INV 02,True,13295,0.9923449879428741,0.016078909577779337,0.020344149016732392,3.529000997543335,
INV 01.011,INV 01,True,12959,0.9923448954365919,0.01534570229225184,0.019999786201847284,3.317707061767578,
INV 01.012,INV 01,True,12947,0.9923139471446029,0.015230301525001181,0.019838974161559185,3.2832229137420654,
INV 02.034,INV 02,True,13216,0.9922714968323377,0.015720245187401085,0.02010566261357649,3.9721641540527344,
INV 04.100,INV 04,True,13580,0.9922108627323692,0.015143158399262667,0.01940050833988471,3.9236719608306885,
INV 02.031,INV 02,True,13114,0.9921961310424636,0.016139701798602704,0.020440247790871786,3.89544415473938,
INV 05.145,INV 05,True,12901,0.9921260351144492,0.015191345643700647,0.019790362730557277,3.3742101192474365,
INV 02.050,INV 02,True,11686,0.9920884621682419,0.014981010633790424,0.019835060543781532,3.3433361053466797,
INV 02.043,INV 02,True,13256,0.9920657869111966,0.01613716222914133,0.020464467821761628,3.343377113342285,
INV 02.032,INV 02,True,13159,0.9920387181397992,0.01599498162904329,0.020510888057271325,4.070531129837036,
INV 01.008,INV 01,True,12731,0.9920355895180137,0.015352249365257628,0.020297937042338256,3.582871913909912,
INV 02.044,INV 02,True,13155,0.992011006097974,0.015850432239335688,0.020475268767616465,3.2882728576660156,
INV 04.105,INV 04,True,13311,0.9920098943020379,0.015755026020521166,0.01986604741805311,3.612704038619995,
INV 02.048,INV 02,True,12094,0.991929281066006,0.015017351708267707,0.020144692777373317,3.132601022720337,
INV 01.024,INV 01,True,13557,0.9919133555793705,0.01571275625668556,0.02023519315225499,3.3031492233276367,
INV 02.049,INV 02,True,11654,0.9918491557228615,0.015088494646270118,0.0199846197403361,3.3123788833618164,
INV 02.036,INV 02,True,13269,0.9918241689718968,0.016150659157800493,0.020746491255062824,3.372584819793701,
INV 02.040,INV 02,True,13123,0.991823152398065,0.016289877281184306,0.02071633564681993,3.467850923538208,
INV 02.042,INV 02,True,13135,0.9918144400290676,0.016645083594252593,0.020852863137020637,3.4291739463806152,
INV 01.006,INV 01,True,11981,0.9917753887795085,0.015117557014509557,0.02024175034331743,3.5755717754364014,
INV 02.045,INV 02,True,13019,0.9917703737220104,0.016285566459145324,0.020764666185577034,3.0821943283081055,
INV 04.102,INV 04,True,13302,0.9917576614599424,0.015918545191574953,0.020310014583314703,3.7600600719451904,
INV 02.054,INV 02,True,10876,0.991717464582676,0.0147203133329308,0.02009186958183771,3.064023733139038,
INV 01.016,INV 01,True,13135,0.9917038198500568,0.01650002157344247,0.020547399531044803,3.0755860805511475,
INV 02.037,INV 02,True,13165,0.9916966258715133,0.016333564680223296,0.02099388495641284,3.4197399616241455,
INV 04.106,INV 04,True,13345,0.9915366750463162,0.0158552360528389,0.02060762930729689,3.656435012817383,
INV 02.035,INV 02,True,13276,0.991459758193405,0.016441053731805773,0.021167224463093503,3.3178889751434326,
INV 04.108,INV 04,True,12988,0.991446008186497,0.016556461351518854,0.020711100286068988,3.2216508388519287,
INV 03.061,INV 03,True,13722,0.9914130495977523,0.016659721202185413,0.0208172202657874,3.7427282333374023,
INV 01.004,INV 01,True,12188,0.9914069268566463,0.015514552837575461,0.020507080926961314,3.7196907997131348,
INV 01.020,INV 01,True,13479,0.9913247885474483,0.01699456118341874,0.02121580560911441,3.3271138668060303,
INV 02.058,INV 02,True,11124,0.9913101272334075,0.015765396826824794,0.020681141034028943,3.239250898361206,
INV 04.111,INV 04,True,13054,0.9913036482827325,0.016629368521729783,0.02109370714592889,3.196607828140259,
INV 01.025,INV 01,True,13629,0.9912978963618819,0.0170332501373795,0.02134026522946105,3.357069730758667,
INV 01.002,INV 01,True,12491,0.9912810760102161,0.015626220514511933,0.02081095914782013,3.7639050483703613,
INV 03.062,INV 03,True,13621,0.9912809526103133,0.016611765436111665,0.020918430795571447,3.8162169456481934,
INV 01.005,INV 01,True,12234,0.9911225094106898,0.015526446985748822,0.020805679319846712,3.6578900814056396,
INV 04.103,INV 04,True,13324,0.991120852286163,0.016365895588664935,0.02097079815742503,3.761306047439575,
INV 02.051,INV 02,True,11458,0.9910892537228103,0.01520196719843875,0.021068002640506945,3.4311506748199463,
INV 02.038,INV 02,True,13172,0.9910796057706708,0.016849768535493935,0.02172060827915883,3.2868902683258057,
INV 02.059,INV 02,True,11185,0.9909710579542036,0.01592910427178229,0.02104822485843116,1.9272420406341553,
INV 01.028,INV 01,True,13683,0.9909291408693355,0.016918360879012162,0.02156494236485766,3.228438138961792,
INV 01.001,INV 01,True,12483,0.9908571189700112,0.01637097329489507,0.021440978276061583,3.770156145095825,
INV 02.057,INV 02,True,10817,0.9908354152390589,0.015617198642218626,0.02092247151740881,3.281517744064331,
INV 02.055,INV 02,True,10725,0.9908063372252267,0.01549747170038369,0.020912503538002593,3.2889599800109863,
INV 02.052,INV 02,True,10738,0.990800504709199,0.01518486715975511,0.02047506574763845,3.304429769515991,
INV 03.088,INV 03,True,13704,0.990745906874138,0.01790026709164608,0.021826128531299824,3.1948421001434326,
INV 02.056,INV 02,True,10832,0.9906806594801573,0.015764234554766273,0.021248607446379127,3.285370111465454,
INV 01.026,INV 01,True,13666,0.9906356146161366,0.017686700039502096,0.02232219858040884,3.2041149139404297,
INV 02.053,INV 02,True,10880,0.9904957574365728,0.01605519214025574,0.021511927008599233,3.1753249168395996,
INV 03.073,INV 03,True,13760,0.9902148018422375,0.018764235519554466,0.023013456424781198,3.443701982498169,
INV 02.060,INV 02,True,11514,0.9901096713553119,0.017029492966198014,0.02217891418028694,1.882211685180664,
INV 03.078,INV 03,True,13634,0.989733761566827,0.0181702992262116,0.02253016289473574,3.370717763900757,
INV 04.114,INV 04,True,13447,0.9896508863749769,0.018975890516162268,0.023105001346734353,3.2169201374053955,
INV 03.063,INV 03,True,13649,0.9895759057320662,0.01802830430923686,0.022685310577410602,3.8464388847351074,
INV 04.110,INV 04,True,13072,0.9890686900075777,0.018391274194449667,0.023602990134011494,3.036696672439575,
INV 03.064,INV 03,True,13544,0.9883053311383214,0.019330902013945137,0.024257051409739654,3.811782121658325,
INV 01.023,INV 01,True,13440,0.9882754929096808,0.019841388916035842,0.024942709789808882,3.287091016769409,
INV 05.135,INV 05,True,13987,0.9880545357740612,0.019090941008651535,0.022682955856872414,3.152026891708374,
INV 01.021,INV 01,True,13373,0.9880264218240079,0.01997006217471297,0.024875410356701058,3.3889150619506836,
INV 03.065,INV 03,True,13552,0.9879119675846199,0.019588540879555024,0.02444975395305698,3.4605941772460938,
INV 03.066,INV 03,True,13395,0.9877480980480156,0.01930427072018778,0.02444236467214564,3.4339089393615723,
INV 03.080,INV 03,True,13584,0.9874742201445842,0.019958626841855134,0.024586917326065414,3.3235738277435303,
INV 04.115,INV 04,True,13477,0.9873974009616266,0.019350405249532514,0.02540040872410232,3.1546339988708496,
INV 03.087,INV 03,True,13588,0.9859617039962247,0.021899988971356203,0.026537377484861537,3.21111798286438,
INV 01.014,INV 01,True,13281,0.9859002712629146,0.02175530541620882,0.02686920460177948,3.046678066253662,
INV 01.003,INV 01,True,12374,0.9854535900288781,0.019290628647336088,0.027046767884187653,3.681536912918091,
INV 03.072,INV 03,True,13590,0.9851903129324068,0.022837195839939636,0.027631208951832256,3.3238680362701416,
INV 05.129,INV 05,True,13937,0.985172187393803,0.01658920951640762,0.026153034327598197,3.7524380683898926,
INV 03.083,INV 03,True,13454,0.9847110705775336,0.02284212261641634,0.027374889941857508,3.1068270206451416,
INV 03.079,INV 03,True,13613,0.9845583683713556,0.022497770471673933,0.027405884096019257,3.3489410877227783,
INV 04.112,INV 04,True,13215,0.9837743790138385,0.02358473813154396,0.02883358190850015,3.157823085784912,
INV 01.022,INV 01,True,13320,0.9837211122268514,0.022663233842157484,0.029328563150894913,3.4635887145996094,
INV 03.071,INV 03,True,13534,0.9832513407156681,0.02425593285669588,0.02912564831280097,3.298588991165161,
INV 04.101,INV 04,True,13135,0.9832064797382517,0.022389788524091177,0.028848555965806332,3.4006471633911133,
INV 03.086,INV 03,True,13506,0.9827806070977008,0.02444237102462412,0.02963268907739203,3.1730849742889404,
INV 03.085,INV 03,True,13556,0.982700162234346,0.024432449700886306,0.029505881700041574,3.3018319606781006,
INV 01.018,INV 01,True,13587,0.9820955864565069,0.024649541792150547,0.03035746725087856,3.3157129287719727,
INV 03.070,INV 03,True,13603,0.9817854613491397,0.024907249207493806,0.030176008423196277,3.2211358547210693,
INV 03.081,INV 03,True,13487,0.9807033712825579,0.025471661870237056,0.03080089626977058,3.130679130554199,
INV 03.068,INV 03,True,13331,0.9802639831149841,0.025913787615598594,0.03140650197097223,3.317168712615967,
INV 03.082,INV 03,True,13247,0.9800916560181429,0.025826551875942103,0.031222658289548698,2.9860949516296387,
INV 04.107,INV 04,True,13531,0.9796515934903114,0.0263574306505699,0.032283296760437605,3.2855520248413086,
INV 01.019,INV 01,True,13522,0.9778502853405275,0.0291278219940242,0.034737218082561507,3.327606201171875,
INV 03.067,INV 03,True,13249,0.9777902241246713,0.028309989360650316,0.033700362261987964,3.3187668323516846,
INV 04.109,INV 04,True,13297,0.9766256963769857,0.029289822418920225,0.03499309566237387,3.092555046081543,
INV 03.084,INV 03,True,13455,0.9739345897038598,0.030069095694018087,0.035970352503284016,3.076367139816284,
INV 04.104,INV 04,True,13273,0.9736337807129914,0.02575075233918901,0.03422230628127224,4.077766180038452,
INV 03.069,INV 03,True,13162,0.9690783345590429,0.03326892539047987,0.03970313408855303,3.1999130249023438,
